               epoch,      train/box_loss,      train/obj_loss,      train/cls_loss,   metrics/precision,      metrics/recall,     metrics/mAP_0.5,metrics/mAP_0.5:0.95,        val/box_loss,        val/obj_loss,        val/cls_loss,               x/lr0,               x/lr1,               x/lr2
                   0,            0.022647,            0.018168,            0.015104,             0.70539,             0.70827,             0.76346,             0.56179,            0.020017,           0.0096418,            0.014062,           0.0033243,           0.0033243,            0.070081
                   1,            0.023953,             0.01833,            0.014758,              0.6946,             0.71881,             0.75971,             0.53786,            0.021366,            0.010078,            0.012891,           0.0062183,           0.0062183,            0.039642
                   2,            0.025773,            0.019383,            0.015398,             0.62185,             0.64718,             0.67378,             0.43652,            0.024597,            0.011568,            0.016836,           0.0086722,           0.0086722,           0.0087623
                   3,             0.02764,            0.020507,            0.017261,             0.65579,               0.676,             0.71145,             0.47748,            0.023454,            0.011009,            0.015788,             0.00802,             0.00802,             0.00802
                   4,            0.027288,            0.020626,            0.016877,              0.6596,             0.67349,               0.708,             0.47895,            0.023034,            0.010977,            0.015098,             0.00802,             0.00802,             0.00802
                   5,             0.02663,            0.020091,            0.015903,             0.69659,             0.67211,             0.72978,             0.51554,            0.021891,            0.010517,            0.015211,             0.00736,             0.00736,             0.00736
                   6,            0.025705,            0.019436,            0.015368,             0.66823,             0.72251,             0.74471,             0.52201,            0.021705,            0.010347,            0.013362,              0.0067,              0.0067,              0.0067
